"RMS Level";"RMS Level | Measured 1"
Ch1;
X;Y
Hz;dBFS
4.87012987012987;-58.4212098725148
4.90762536209944;-58.2798052917557
4.94540953464952;-58.1384007109965
4.98348461035335;-57.9969961302373
5.02185282889596;-57.8555915494781
5.06051644720583;-57.714186968719
5.09947773958776;-57.5727823879598
5.13873899785656;-57.4313778072006
5.17830253147188;-57.2899732264415
5.21817066767409;-57.1485686456823
5.25834575162117;-57.0071640649231
5.29883014652662;-56.865759484164
5.3396262337985;-56.7243549034048
5.38073641317952;-56.5829503226456
5.42216310288818;-56.4415457418864
5.46390873976103;-56.3001411611273
5.505975779396;-56.1587365803681
5.54836669629685;-56.0173319996089
5.59108398401872;-55.8759274188498
5.63413015531485;-55.7345228380906
5.67750774228431;-55.5931182573314
5.72121929652102;-55.4517136765723
5.7652673892638;-55.3103090958131
5.80965461154763;-55.1689045150539
5.85438357435606;-55.0274999342947
5.8994569087748;-54.8860953535356
5.94487726614649;-54.7446907727764
5.99064731822663;-54.6032861920172
6.03676975734079;-54.4618816112581
6.08324729654294;-54.3204770304989
6.13008266977506;-54.1790724497397
6.17727863202796;-54.0376678689806
6.22483795950332;-53.8962632882214
6.27276344977699;-53.7548587074622
6.3210579219636;-53.613454126703
6.36972421688232;-53.4720495459439
6.418765197224;-53.3306449651847
6.46818374771959;-53.1892403844255
6.51798277530977;-53.0478358036664
6.56816520931597;-52.9064312229072
6.61873400161271;-52.765026642148
6.66969212680119;-52.6236220613889
6.72104258238428;-52.4822174806297
6.77278838894287;-52.3408128998705
6.82493259031351;-52.1994083191113
6.87747825376748;-52.0580037383522
6.93042847019121;-51.916599157593
6.98378635426809;-51.7751945768338
7.0375550446617;-51.6337899960747
7.0917377042004;-51.4923854153155
7.14633752006344;-51.3509808345563
7.20135770396836;-51.2095762537972
7.25680149235998;-51.068171673038
7.31267214660073;-50.9267670922788
7.36897295316252;-50.7853625115196
7.42570722382006;-50.6439579307605
7.48287829584564;-50.5025533500013
7.54048953220548;-50.3611487692421
7.59854432175751;-50.219744188483
7.65704607945074;-50.0783396077238
7.71599824652612;-49.9369350269646
7.77540429071897;-49.7955304462055
7.83526770646297;-49.6541258654463
7.89559201509569;-49.5127212846871
7.95638076506575;-49.3713167039279
8.01763753214153;-49.2299121231688
8.07936591962155;-49.0885075424096
8.14156955854634;-48.9471029616504
8.20425210791212;-48.8056983808913
8.26741725488599;-48.6642938001321
8.3310687150228;-48.5228892193729
8.39521023248377;-48.3814846386137
8.45984558025665;-48.2400800578546
8.52497856037775;-48.0986754770954
8.59061300415551;-47.9572708963362
8.65675277239591;-47.8158663155771
8.72340175562955;-47.6744617348179
8.79056387434053;-47.5330571540587
8.85824307919705;-47.3916525732996
8.92644335128378;-47.2502479925404
8.99516870233606;-47.1088434117812
9.06442317497591;-46.9674388310221
9.13421084294975;-46.8260342502629
9.20453581136811;-46.6846296695037
9.27540221694707;-46.5432250887445
9.34681422825157;-46.4018205079854
9.41877604594066;-46.2604159272262
9.49129190301458;-46.119011346467
9.56436606506375;-45.9776067657079
9.63800283051967;-45.8362021849487
9.71220653090782;-45.6947976041895
9.78698153110237;-45.5524042932614
9.86233222958303;-45.4094150368241
9.9382630586937;-45.2664257803868
10.0147784849032;-45.1234365239495
10.0918830090682;-44.9804472675122
10.1695811666974;-44.837458011075
10.2478775282192;-44.6944687546377
10.3267766992498;-44.5514794982004
10.4062833208644;-44.4084902417631
10.4864020698702;-44.2655009853259
10.5671376590815;-44.1225117288886
10.6484948375969;-43.9795224724513
10.7304783910787;-43.836533216014
10.8130931420344;-43.6935439595767
10.8963439501001;-43.5505547031395
10.9802357123269;-43.4075654467022
11.0647733634686;-43.2645761902649
11.1499618762718;-43.1215869338276
11.235806261769;-42.9785976773903
11.3223115695728;-42.8356084209531
11.4094828881731;-42.6926191645158
11.4973253452365;-42.5496299080785
11.5858441079081;-42.4066406516412
11.675044383115;-42.263651395204
11.7649314178728;-42.1206621387667
11.8555104995945;-41.9776728823294
11.9467869564009;-41.8346836258921
12.0387661574348;-41.6916943694548
12.1314535131763;-41.5487051130176
12.2248544757609;-41.4057158565803
12.318974539301;-41.262726600143
12.4138192402082;-41.1197373437057
12.5093941575195;-40.9767480872684
12.6057049132253;-40.8337588308312
12.7027571726001;-40.6907695743939
12.8005566445357;-40.5477803179566
12.8991090818773;-40.4047910615193
12.9984202817614;-40.2618018050821
13.0984960859574;-40.1188125486448
13.1993423812105;-39.9758232922075
13.3009650995889;-39.8328340357702
13.4033702188318;-39.6898447793329
13.5065637627018;-39.5468555228957
13.6105518013385;-39.4038662664584
13.7153404516163;-39.2608770100211
13.8209358775037;-39.1178877535838
13.9273442904262;-38.9748984971465
14.0345719496314;-38.8319092407093
14.1426251625573;-38.688919984272
14.2515102852033;-38.5459307278347
14.3612337225044;-38.4029414713974
14.4718019287072;-38.2599522149601
14.5832214077505;-38.1169629585229
14.6954987136471;-37.9749413627603
14.8086404508698;-37.8332298471458
14.9226532747395;-37.6915183315312
15.0375438918172;-37.5498068159167
15.153319060298;-37.4080953003021
15.269985590409;-37.2663837846876
15.3875503448096;-37.124672269073
15.5060202389953;-36.9829607534585
15.6254022417048;-36.8412492378439
15.7457033753293;-36.6995377222294
15.8669307163261;-36.5578262066149
15.9890913956346;-36.4161146910003
16.1121925990959;-36.2744031753858
16.2362415678754;-36.1326916597712
16.3612455988886;-35.9909801441567
16.4872120452308;-35.8492686285421
16.6141483166092;-35.7075571129276
16.7420618797787;-35.5658455973131
16.8709602589816;-35.4241340816985
17.0008510363897;-35.282422566084
17.1317418525506;-35.1407110504694
17.263640406837;-34.9989995348549
17.3965544578997;-34.8572880192403
17.5304918241237;-34.7155765036258
17.6654603840888;-34.5738649880113
17.801468077032;-34.4321534723967
17.9385229033156;-34.2904419567822
18.0766329248968;-34.1487304411676
18.2158062658029;-34.0070189255531
18.3560511126083;-33.8653074099385
18.4973757149166;-33.723595894324
18.6397883858457;-33.5818843787094
18.7832975025168;-33.4401728630949
18.9279115065473;-33.2984613474804
19.0736389045469;-33.1567498318658
19.2204882686188;-33.0150383162513
19.3684682368631;-32.8733268006367
19.5175875138853;-32.7312879713218
19.6678548713085;-32.5882559202763
19.8192791482891;-32.4452238692307
19.9718692520367;-32.3021918181852
20.1256341583383;-32.1591597671396
20.2805829120861;-32.0161277160941
20.4367246278096;-31.8730956650485
20.5940684902118;-31.730063614003
20.7526237547093;-31.5870315629574
20.9123997479769;-31.4439995119119
21.0734058684962;-31.3009674608664
21.2356515871083;-31.1579354098208
21.3991464475712;-31.0149033587753
21.5639000671208;-30.8718713077297
21.729922137037;-30.7288392566842
21.8972224232133;-30.5858072056387
22.0658107667319;-30.4427751545931
22.235697084442;-30.2997431035476
22.4068913695433;-30.156711052502
22.5794036921741;-30.0136790014565
22.7532442000033;-29.8706469504109
22.9284231188276;-29.7276148993654
23.1049507531726;-29.5845828483199
23.2828374868994;-29.4415507972743
23.4620937838153;-29.2985187462288
23.642730188289;-29.1554866951832
23.8247573258713;-29.0124546441377
24.0081859039198;-28.8694225930921
24.1930267122287;-28.7263905420466
24.379290623664;-28.582443766981
24.5669885948023;-28.4334436224603
24.756131666576;-28.2844434779397
24.9467309649222;-28.135443333419
25.1387977014377;-27.9864431888984
25.3323431740379;-27.8374430443778
25.5273787676221;-27.6884428998571
25.7239159547423;-27.5394427553365
25.9219662962789;-27.3904426108158
26.1215414421203;-27.2414424662952
26.3226531318482;-27.0924423217746
26.5253131954281;-26.9434421772539
26.7295335539055;-26.7944420327333
26.9353262201069;-26.6454418882127
27.1427032993462;-26.496441743692
27.3516769901374;-26.3474415991714
27.5622595849113;-26.1984414546507
27.7744634707395;-26.0494413101301
27.9883011300622;-25.9004411656095
28.2037851414231;-25.7514410210888
28.420928180209;-25.6024408765682
28.6397430193953;-25.4534407320475
28.8602425302976;-25.3044405875269
29.0824396833287;-25.1554404430063
29.3063475487616;-25.0035894046922
29.5319792974983;-24.8471115795676
29.7593482018445;-24.6906337544431
29.9884676362903;-24.5341559293185
30.2193510782972;-24.377678104194
30.4520121090906;-24.2212002790694
30.6864644144586;-24.0647224539449
30.9227217855575;-23.9082446288203
31.1607981197224;-23.7517668036958
31.4007074212854;-23.5952889785712
31.6424638023985;-23.4388111534467
31.8860814838647;-23.2823333283221
32.1315747959738;-23.1258555031976
32.3789581793454;-22.969377678073
32.6282461857789;-22.8128998529485
32.8794534791087;-22.6564220278239
33.1325948360675;-22.4999442026994
33.3876851471547;-22.3434663775748
33.6447394175133;-22.1869885524503
33.9037727678117;-22.0305107273257
34.1648004351333;-21.8758402924852
34.4278377738734;-21.7257648144641
34.6929002566416;-21.5756893364429
34.9600034751723;-21.4256138584218
35.2291631412418;-21.2755383804006
35.5003950875928;-21.1254629023794
35.7737152688651;-20.9753874243583
36.0491397625346;-20.8253119463371
36.3266847698591;-20.675236468316
36.6063666168307;-20.5251609902948
36.8882017551367;-20.3750855122737
37.1722067631274;-20.2250100342525
37.4583983467906;-20.0749345562314
37.7467933407352;-19.9248590782102
38.0374087091805;-19.774783600189
38.3302615469551;-19.6247081221679
38.6253690805017;-19.4746326441467
38.9227486688906;-19.3245571661256
39.222417804841;-19.2053273612671
39.5243941157498;-19.0906336156857
39.8286953647286;-18.9759398701042
40.1353394516484;-18.8612461245228
40.4443444141927;-18.7465523789413
40.7557284289185;-18.6318586333599
41.0695098123254;-18.5171648877784
41.3857070219331;-18.402471142197
41.7043386573672;-18.2877773966155
42.0254234614531;-18.173083651034
42.3489803213187;-18.0583899054526
42.6750282695052;-17.9436961598711
43.0035864850868;-17.8290024142897
43.3346742947988;-17.7143086687082
43.6683111741746;-17.5996149231268
44.0045167486909;-17.5144661288205
44.3433107949226;-17.4571810028954
44.684713241706;-17.3998958769703
45.0287441713109;-17.3426107510453
45.3754238206218;-17.2853256251202
45.7247725823288;-17.2280404991951
46.0768110061266;-17.17075537327
46.4315597999237;-17.113470247345
46.7890398310602;-17.0561851214199
47.1492721275355;-16.9988999954948
47.5122778792449;-16.9416148695697
47.8780784392266;-16.8843297436447
48.2466953249174;-16.8270446177196
48.6181502194181;-16.7697594917945
48.9924649727696;-16.7536816681577
49.3696616032379;-16.7494166611563
49.7497622986092;-16.745151654155
50.132789417495;-16.7408866471536
50.5187654906476;-16.7366216401523
50.9077132222852;-16.7323566331509
51.2996554914273;-16.7280916261495
51.6946153532409;-16.7238266191482
52.0926160403963;-16.7195616121468
52.4936809644338;-16.7152966051454
52.8978337171412;-16.7110315981441
53.3050980719408;-16.7067665911427
53.7154979852886;-16.7113153978259
54.1290575980829;-16.7322202417556
54.5458012370847;-16.7531250856853
54.9657534163486;-16.774029929615
55.3889388386645;-16.7949347735447
55.8153823970111;-16.8158396174744
56.24510917602;-16.8367444614042
56.6781444534511;-16.8576493053339
57.1145137016798;-16.8785541492636
57.5542425891951;-16.8994589931933
57.9973569821097;-16.920363837123
58.4438829456815;-16.9412636928992
58.8938467458464;-16.9612066766709
59.3472748507641;-16.9811496604425
59.8041939323744;-17.0010926442142
60.2646308679665;-17.0210356279859
60.7286127417597;-17.0409786117575
61.1961668464968;-17.0609215955292
61.6673206850494;-17.0808645793009
62.1421019720359;-17.1008075630726
62.6205386354513;-17.1207505468442
63.1026588183107;-17.1406935306159
63.5884908803041;-17.1552013227332
64.0780633994648;-17.165588918709
64.5714051738509;-17.1759765146848
65.0685452232384;-17.1863641106606
65.5695127908292;-17.1967517066364
66.0743373449702;-17.2071393026122
66.5830485808878;-17.2175268985881
67.095676422434;-17.2279144945639
67.6122510238468;-17.2383020905397
68.1328027715236;-17.2486896865155
68.6573622858094;-17.251683210551
69.1859604227973;-17.2539116810849
69.7186282761436;-17.2561401516188
70.2553971788974;-17.2583686221526
70.7962987053428;-17.2605970926865
71.3413646728569;-17.2628255632204
71.8906271437811;-17.2650540337543
72.4441184273073;-17.2672825042882
73.0018710813779;-17.269510974822
73.5639179146018;-17.2667557414512
74.1302919881835;-17.2635111664246
74.7010266178682;-17.260266591398
75.2761553759016;-17.2570220163715
75.8557120930045;-17.2537774413449
76.4397308603631;-17.2505328663183
77.028246031634;-17.2472882912918
77.6212922249653;-17.2440437162652
78.2189043250327;-17.2389999563096
78.8211174850915;-17.2321260076227
79.4279671290449;-17.2252520589357
80.039488953527;-17.2183781102488
80.6557189300031;-17.2115041615619
81.2766933068855;-17.2046302128749
81.9024486116655;-17.197756264188
82.5330216530627;-17.190882315501
83.1684495231894;-17.1825328144154
83.8087695997329;-17.1731629259725
84.4540195481543;-17.1637930375296
85.1042373239036;-17.1544231490867
85.7594611746528;-17.1450532606438
86.4197296425454;-17.1356833722009
87.0850815664641;-17.126313483758
87.7555560843147;-17.1167028778975
88.4311926353287;-17.1055959021593
89.1120309623832;-17.0944889264212
89.7981111143389;-17.083381950683
90.4894734483952;-17.0722749749449
91.186158632465;-17.0611679992067
91.8882076475662;-17.0500610234686
92.5956617902328;-17.0388528129074
93.3085626749438;-17.0266085589281
94.0269522365711;-17.0143643049487
94.7508727328465;-17.0021200509694
95.4803667468469;-16.98987579699
96.2154771894998;-16.9776315430106
96.9562473021069;-16.9653872890313
97.7027206588881;-16.9528961852298
98.4549411695442;-16.9400365504287
99.2129530818403;-16.9271769156276
99.9768009842082;-16.9143172808265
100.746529808369;-16.9014576460254
101.522184831978;-16.8885980112243
102.303811681284;-16.8757337193944
103.091456333818;-16.8627565504166
103.885165121093;-16.8497793814388
104.684984731335;-16.836802212461
105.490962212224;-16.8238250434832
106.303144973664;-16.8108478745054
107.12158079057;-16.7978707055276
107.946317805682;-16.7852688829459
108.777404532394;-16.7726770380827
109.614889857607;-16.7600851932195
110.458823044607;-16.7474933483562
111.309253735961;-16.734901503493
112.166231956438;-16.7224657647436
113.029808115952;-16.7107496515729
113.900033012525;-16.6990335384022
114.77695783528;-16.6873174252315
115.660634167445;-16.6756013120609
116.551113989394;-16.6638851988902
117.4484496817;-16.6530121888491
118.352694028219;-16.6426362105129
119.263900219194;-16.6322602321768
120.182121854382;-16.6218842538407
121.10741294621;-16.6115082755045
122.039827922951;-16.6016725621524
122.979421631923;-16.5930590563519
123.926249342721;-16.5844455505513
124.880366750462;-16.5758320447508
125.841829979064;-16.5672185389502
126.81069558455;-16.5590185543867
127.787020558368;-16.5525505214426
128.770862330751;-16.5460824884985
129.762278774088;-16.5396144555544
130.761328206336;-16.5331464226103
131.768069394444;-16.5273452638534
132.782561557811;-16.5233292926189
133.804864371772;-16.5193133213844
134.835037971107;-16.5152973501499
135.873142953578;-16.5112813789154
136.919240383493;-16.5086703400169
137.9733917953;-16.5073043565867
139.035659197203;-16.5059383731565
140.106105074815;-16.5045723897263
141.184792394827;-16.5032064062961
142.271784608717;-16.5044721527983
143.367145656481;-16.505862541994
144.470939970394;-16.5072529311897
145.583232478797;-16.5086433203853
146.704088609922;-16.5115341864412
147.833574295738;-16.5157317091223
148.971755975828;-16.5199292318035
150.118700601298;-16.5241267544846
151.274475638716;-16.5290413434632
152.439149074079;-16.5360051301417
153.612789416817;-16.5429689168203
154.795465703815;-16.5499327034988
155.987247503479;-16.5572120772033
157.18820491983;-16.5668132071712
158.398408596621;-16.5764143371391
159.6179297215;-16.586015467107
160.846840030193;-16.5958832108342
162.085211810722;-16.6079645837618
163.333117907664;-16.6200459566894
164.59063172643;-16.6321273296171
165.857827237584;-16.6447004655082
167.134778981196;-16.659067903469
168.421562071224;-16.6734353414298
169.718252199936;-16.6878027793906
171.02492564236;-16.7030639990322
172.341659260769;-16.7194834175297
173.668530509208;-16.7359028360272
175.005617438042;-16.7523222545246
176.352998698555;-16.7701091409465
177.710753547572;-16.788321942347
179.078961852122;-16.8065347437474
180.457704094137;-16.8250442681925
181.847061375184;-16.8448180354859
183.247115421238;-16.8645918027793
184.657948587488;-16.8843655700726
186.079643863182;-16.9051088183281
187.512284876508;-16.9262424071803
188.955955899514;-16.9473759960326
190.410741853065;-16.9688789056704
191.876728311837;-16.9911449264431
193.354001509353;-17.0134109472158
194.842648343053;-17.0356999700516
196.342756379409;-17.0588836644326
197.854413859071;-17.0820673588137
199.377709702063;-17.1052510531947
200.912733513008;-17.1290307757851
202.459575586405;-17.1529544029034
204.018326911934;-17.1768780300217
205.589079179813;-17.2011927788884
207.171924786189;-17.2257058398516
208.766956838576;-17.2502189008148
210.374269161326;-17.2750078542759
211.993956301154;-17.299984188549
213.626113532697;-17.324960522822
215.270836864119;-17.3501513944996
216.928223042756;-17.3754864642746
218.598369560811;-17.4008215340496
220.281374661086;-17.4263239862865
221.977337342761;-17.4519096615583
223.686357367219;-17.4774953368301
225.408535263913;-17.5032095095242
227.143972336279;-17.5289553680489
228.892770667697;-17.5547012265737
230.655033127493;-17.5805259208324
232.430863376994;-17.6063507650619
234.220365875621;-17.632181637982
236.023645887036;-17.6580303062891
237.840809485334;-17.6838789745963
239.671963561284;-17.7097151910295
241.517215828613;-17.7355418051019
243.376674830345;-17.7613684191744
245.250449945184;-17.7871215236084
247.138651393949;-17.8128691350099
249.041390246058;-17.8385716510373
250.95877842606;-17.8641898649344
252.89092872022;-17.8898080788315
254.837954783152;-17.9153061512587
256.799971144506;-17.940777254382
258.777093215704;-17.9661904061032
260.76943729673;-17.9914875189241
262.777120582968;-18.016784631745
264.8002611721;-18.041892794363
266.838978071051;-18.0669790009868
268.893391202988;-18.0919397907532
270.963621414375;-18.1167768788461
273.049790482084;-18.1415685954771
275.152021120554;-18.1661112506278
277.270436989012;-18.1906539057784
279.405162698749;-18.2149300643165
281.556323820444;-18.2391578369197
283.724046891556;-18.2632057586126
285.908459423765;-18.2871227534941
288.109689910473;-18.310922013778
290.327867834362;-18.3345024826375
292.56312367501;-18.358013692795
294.81558891657;-18.381157074127
297.085396055498;-18.4042988688002
299.372678608351;-18.4269585462233
301.67757111964;-18.4496182236464
304.000209169745;-18.4718475023292
306.340729382889;-18.494019835029
308.699269435173;-18.5157381868432
311.075968062681;-18.5373408675966
313.470965069631;-18.5584431575191
315.884401336609;-18.5793729019621
318.316418828847;-18.5997771752958
320.767160604582;-18.619979199201
323.236770823463;-18.6396009480418
325.725394755038;-18.6590096256544
328.233178787294;-18.6777170371299
330.76027043527;-18.6962158208465
333.306818349737;-18.7138520618683
335.872972325935;-18.7313228408858
338.458883312393;-18.7476869702695
341.0647034198;-18.7638970972872
343.69058592996;-18.7788774739113
346.336685304803;-18.7935537537227
349.003157195473;-18.8070863076112
351.690158451485;-18.819945151612
354.397847129948;-18.8317343289996
357.126382504866;-18.8423723401517
359.875925076505;-18.852203738332
362.646636580835;-18.8603377362997
365.438679999042;-18.8679319434289
368.252219567117;-18.873298106091
371.087420785516;-18.8777542765923
373.944450428897;-18.8804191989739
376.823476555925;-18.881189377083
379.724668519163;-18.8808585363166
382.648196975034;-18.8773453000726
385.594233893853;-18.8725907664859
388.562952569952;-18.8651949850582
391.554527631866;-18.855170807594
394.569135052607;-18.8435976472543
397.606952160021;-18.8278001162444
400.668157647209;-18.8099926445411
403.752931583048;-18.7895148348634
406.861455422774;-18.7648294035938
409.993912018665;-18.7379540765456
413.150485630789;-18.7075059449103
416.331361937848;-18.6733886419786
419.536728048096;-18.63700306989
422.76677251035;-18.5970297877177
426.021685325075;-18.554283879415
429.301657955568;-18.509813796395
432.606883339212;-18.4632293615556
435.937555898832;-18.4158506912667
439.293871554128;-18.3685178507193
442.676027733199;-18.3219431581986
446.08422338416;-18.2785629742006
449.518658986841;-18.2386815149442
452.979536564581;-18.2029291212617
456.467059696112;-18.177272140339
459.981433527534;-18.1599699008366
463.522864784382;-18.1516720609784
467.091561783785;-18.1556579835457
470.687734446723;-18.1757107248615
474.311594310372;-18.2081634373261
477.96335454055;-18.2533779937926
481.643229944252;-18.3141406238441
485.351436982289;-18.3904206435203
489.088193782022;-18.4778862056554
492.853720150188;-18.5757730368934
496.648237585834;-18.6834316992706
500.471969293343;-18.80102791098
504.325140195566;-18.924018553594
508.207976947053;-19.0512100046126
512.120707947384;-19.1813721303736
516.063563354601;-19.3132676687765
520.036775098754;-19.4453937422394
524.040576895538;-19.5766370456137
528.075204260043;-19.7063507008652
532.140894520606;-19.8339892430815
536.237886832773;-19.9591080131333
540.366422193368;-20.0811072304992
544.526743454665;-20.1993702103118
548.719095338677;-20.3142846051372
552.94372445155;-20.425780182934
557.200879298068;-20.5337789890807
561.490810296274;-20.6382394850114
565.813769792197;-20.7391844517212
570.170012074695;-20.836662812305
574.559793390417;-20.9305219618649
578.983371958874;-21.0205981613277
583.441007987628;-21.107291126986
587.932963687597;-21.1905230090652
592.459503288482;-21.2702781950115
597.020893054307;-21.3464899460259
601.617401299084;-21.41897420246
606.249298402593;-21.4876038036659
610.916856826288;-21.552304049022
615.620351129324;-21.612869548471
620.36005798471;-21.6689374303325
625.136256195579;-21.7201642319173
629.949226711588;-21.7663217834841
634.799252645449;-21.807080000532
639.68661928958;-21.8419412722973
644.611614132885;-21.8704855383769
649.574526877668;-21.8923136403809
654.57564945667;-21.9070631537077
659.615276050247;-21.9145087300417
664.693703103669;-21.9145582922764
669.811229344564;-21.9074501066425
674.968155800479;-21.8938837797152
680.164785816602;-21.8749996717722
685.401425073594;-21.8524634672285
690.678381605576;-21.8286641584194
695.995965818245;-21.8068604066123
701.354490507135;-21.7908282791143
706.754270876017;-21.7855109433658
712.195624555439;-21.7943564219274
717.678871621409;-21.8201139795939
723.204334614226;-21.864112984191
728.772338557448;-21.9262177333951
734.383210977016;-22.0047238920442
740.037281920518;-22.0968295969206
745.734883976599;-22.1994608181365
751.476352294533;-22.3077946185176
757.262024603931;-22.4179841173512
763.09224123461;-22.5270373357927
768.967345136612;-22.6326243802028
774.887681900376;-22.7329093551481
780.853599777067;-22.8270205537029
786.865449699063;-22.9146318966939
792.923585300597;-22.995761495496
799.028362938556;-23.0704013930001
805.180141713446;-23.1383682509313
811.379283490515;-23.2005099371545
817.62615292104;-23.2573716420525
823.921117463771;-23.3091539742394
830.264547406553;-23.3563367039994
836.656815888107;-23.3995388329578
843.098298919972;-23.4390184252935
849.589375408631;-23.475154315242
856.130427177794;-23.508311705207
862.721838990862;-23.5386694175542
869.363998573558;-23.5663754613243
876.057296636734;-23.5919300560516
882.802126899351;-23.6155493083213
889.598886111645;-23.63722002873
896.447974078462;-23.6570028571727
903.349793682771;-23.6753408690213
910.304750909374;-23.6923666092133
917.313254868771;-23.7076773442287
924.375717821242;-23.721790146292
931.492555201086;-23.7348125713549
938.664185641062;-23.7465900014181
945.891030997014;-23.7573561874138
953.173516372685;-23.7672857606033
960.512070144723;-23.7760686119393
967.907123987883;-23.7840875907695
975.359112900411;-23.7914886822814
982.86847522964;-23.797912088079
990.435652697771;-23.8033741981972
998.061090427857;-23.808183550736
1005.74523696999;-23.8121108838208
1013.48854432767;-23.8151291686448
1021.29146798442;-23.8177617662924
1029.15446693056;-23.8197489759006
1037.07800369021;-23.8211424056207
1045.0625443485;-23.8220543545839
1053.10855857897;-23.8220753241369
1061.21651967124;-23.8213837622183
1069.38690455879;-23.8206661162499
1077.62019384706;-23.8192141265802
1085.91687184172;-23.8170817046911
1094.27742657713;-23.8146295445301
1102.70234984506;-23.8114728685915
1111.19213722364;-23.8079482135345
1119.74728810646;-23.8041799513929
1128.36830573202;-23.7999569764341
1137.05569721326;-23.7953957587235
1145.80997356743;-23.7906360461007
1154.63164974614;-23.785165106271
1163.52124466565;-23.7795624131881
1172.4792812374;-23.7736354651648
1181.50628639876;-23.7674018595566
1190.60279114401;-23.7607372516908
1199.76933055564;-23.753972146251
1209.00644383574;-23.74713789182
1218.31467433778;-23.7397827990841
1227.69456959852;-23.7328274775941
1237.14668137028;-23.7254306667635
1246.67156565335;-23.7177802085529
1256.2697827287;-23.7098922876632
1265.94189719095;-23.7019485690911
1275.68847798158;-23.6941837224773
1285.51009842238;-23.6861878889708
1295.40733624921;-23.6779578387448
1305.38077364593;-23.6698420318592
1315.43099727871;-23.6615179754032
1325.55859833048;-23.6531250184071
1335.76417253575;-23.6448390789216
1346.04832021562;-23.6364246364737
1356.41164631311;-23.6280774135228
1366.85476042876;-23.6198209090491
1377.37827685643;-23.611478292646
1387.98281461952;-23.6027428567051
1398.6689975073;-23.5939777069538
1409.43745411167;-23.5854166734001
1420.28881786408;-23.5765117396089
1431.22372707283;-23.5678810152053
1442.2428249606;-23.5590333880296
1453.3467597023;-23.5503665790951
1464.53618446315;-23.5409377362451
1475.81175743719;-23.5316246018746
1487.1741418859;-23.5226581170383
1498.6240061773;-23.5127731244612
1510.16202382518;-23.5034029416311
1521.78887352879;-23.49385945018
1533.50523921275;-23.4841837620231
1545.31181006722;-23.474652360834
1557.20928058854;-23.4651678032534
1569.19835061999;-23.4557039567405
1581.27972539302;-23.4467377366475
1593.45411556868;-23.4382163037553
1605.72223727949;-23.4309607680512
1618.0848121715;-23.4247057520097
1630.54256744677;-23.4196784358699
1643.09623590615;-23.4168660484896
1655.74655599238;-23.416073352444
1668.49427183352;-23.4181832994687
1681.34013328673;-23.4236492682638
1694.28489598236;-23.4327243419933
1707.32932136845;-23.4458167084526
1720.47417675546;-23.4633645014497
1733.72023536142;-23.4860337707428
1747.06827635745;-23.5140418127875
1760.51908491355;-23.5467364748096
1774.0734522448;-23.5842551656868
1787.73217565793;-23.6265411789262
1801.49605859814;-23.6731439031085
1815.36591069648;-23.7233781002294
1829.34254781736;-23.7771681409193
1843.42679210661;-23.8339259980507
1857.61947203982;-23.8926344671144
1871.92142247108;-23.9529684855169
1886.33348468207;-24.0142680288746
1900.85650643158;-24.0763253404764
1915.49134200534;-24.1378934196173
1930.2388522663;-24.1997056599187
1945.09990470526;-24.2609421004299
1960.07537349187;-24.3211534993596
1975.16613952612;-24.3806644282481
1990.37309049007;-24.4388130885637
2005.69712090016;-24.496032553686
2021.13913215973;-24.5516471467531
2036.70003261211;-24.6061838539241
2052.38073759405;-24.6598967183828
2068.18216948952;-24.7117999273835
2084.10525778401;-24.7636730157132
2100.15093911918;-24.8140249300119
2116.32015734796;-24.8639203839996
2132.61386359009;-24.9136465273362
2149.03301628802;-24.9625152246665
2165.57858126336;-25.0116478680474
2182.25153177363;-25.0607764726324
2199.05284856952;-25.1102425800219
2215.98351995262;-25.1599029287237
2233.04454183352;-25.2103882295348
2250.23691779038;-25.261606968438
2267.56165912801;-25.314475365069
2285.01978493731;-25.36753287532
2302.61232215524;-25.4220681894223
2320.34030562524;-25.478761062988
2338.20477815807;-25.5360042145369
2356.20679059317;-25.5956149228651
2374.34740186048;-25.6569936671453
2392.62767904271;-25.7203406241769
2411.04869743813;-25.7860200665703
2429.61154062379;-25.8533361711855
2448.31730051931;-25.9233401783203
2467.16707745106;-25.9953216321562
2486.1619802169;-26.0696796812338
2505.30312615144;-26.1470519071551
2524.59164119168;-26.2260499904772
2544.02865994334;-26.308312424679
2563.61532574754;-26.3935672046271
2583.35279074806;-26.4809420217082
2603.24221595911;-26.5709355666962
2623.28477133366;-26.6638472859078
2643.48163583223;-26.7600762394042
2663.83399749223;-26.8586284245322
2684.34305349788;-26.9608197597422
2705.01001025057;-27.0656342816009
2725.83608343992;-27.1733483964441
2746.8224981152;-27.2844926105017
2767.97048875743;-27.3989210713973
2789.28129935198;-27.5161836775595
2810.75618346178;-27.6377567644223
2832.39640430103;-27.7631506249702
2854.20323480949;-27.8918830847081
2876.1779577274;-28.0240845167773
2898.32186567089;-28.1619583141449
2920.63626120807;-28.3041927566268
2943.12245693559;-28.4504461849766
2965.78177555589;-28.6031017778876
2988.61554995498;-28.7619530013274
3011.6251232809;-28.9260080368193
3034.81184902263;-29.0971057216111
3058.17709108982;-29.2741835908416
3081.7222238929;-29.459832990185
3105.44863242405;-29.6530504509873
3129.35771233856;-29.8543499166262
3153.45087003699;-30.0642514846916
3177.72952274791;-30.282638851389
3202.19509861118;-30.5101738977693
3226.84903676207;-30.7458565209667
3251.69278741583;-30.9911851935239
3276.72781195304;-31.2444261206033
3301.95558300553;-31.506403074137
3327.37758454307;-31.7771794594647
3352.9953119606;-32.0553230190035
3378.81027216623;-32.3409309156309
3404.82398366985;-32.6345915143677
3431.03797667248;-32.9337327250673
3457.45379315628;-33.2393111360707
3484.07298697523;-33.5495422552392
3510.89712394657;-33.8652138254549
3537.92778194285;-34.1867847537149
3565.16655098479;-34.5130341415922
3592.61503333483;-34.8417613618645
3620.2748435913;-35.1763931796067
3648.14760878348;-35.5129556749879
3676.23496846724;-35.8529908626704
3704.53857482153;-36.195788046992
3733.06009274554;-36.5392503670002
3761.80119995666;-36.886359336682
3790.76358708913;-37.2348343699824
3819.94895779352;-37.5836556238906
3849.35902883692;-37.9344144341943
3878.99553020396;-38.2839262123342
3908.86020519853;-38.6343714500728
3938.95481054635;-38.9825180273755
3969.28111649831;-39.3337491684463
3999.84090693459;-39.677305111931
4030.6359794696;-40.0201026520026
4061.66814555769;-40.3611901402043
4092.93923059978;-40.6984655495449
4124.45107405064;-41.0318546280808
4156.20552952717;-41.3592449445375
4188.2044649174;-41.6781340619493
4220.44976249034;-41.9948211436006
4252.94331900678;-42.3008396670769
4285.68704583077;-42.5967463708916
4318.6828690421;-42.8887551443175
4351.93272954961;-43.1699516021842
4385.43858320534;-43.4370644877326
4419.20240091955;-43.6973104421316
4453.22616877673;-43.9490032755782
4487.51188815234;-44.1878062715979
4522.06157583061;-44.4168138758047
4556.87726412312;-44.6275097755225
4591.96100098837;-44.8348871639059
4627.31485015227;-45.0349055833616
4662.94089122947;-45.2137123634491
4698.84121984576;-45.3865581667164
4735.0179477613;-45.5507047029055
4771.47320299484;-45.7078755913365
4808.20912994891;-45.8463216686266
4845.22788953596;-45.9920328994804
4882.53165930545;-46.1242691627084
4920.12263357197;-46.2456810464515
4958.0030235443;-46.3643022615897
4996.17505745547;-46.4800893410209
5034.64098069386;-46.583709033981
5073.40305593525;-46.691295785565
5112.46356327592;-46.8007937022786
5151.8248003668;-46.8946261453131
5191.48908254859;-46.9913155019558
5231.45874298798;-47.0949474955722
5271.73613281488;-47.182526749626
5312.32362126073;-47.278714037067
5353.22359579784;-47.3726636862333
5394.43846227987;-47.4669451616494
5435.97064508332;-47.5622478735063
5477.82258725014;-47.6598424983601
5519.99675063143;-47.7534854621223
5562.49561603229;-47.8636726081876
5605.32168335771;-47.9518451916823
5648.47747175964;-48.0510189640203
5691.96551978515;-48.1617012464806
5735.78838552579;-48.255694253497
5779.94864676804;-48.3663523046098
5824.44890114497;-48.4683236571488
5869.29176628898;-48.5798957639192
5914.47987998586;-48.6953616235537
5960.01590032986;-48.8212196538329
6005.90250588016;-48.9254444051577
6052.1423958183;-49.044720379795
6098.73829010706;-49.1762844462996
6145.69292965041;-49.2932107301316
6193.00907645473;-49.4163982572523
6240.68951379131;-49.5447459245866
6288.73704636002;-49.679244978964
6337.15450045437;-49.798031173789
6385.94472412769;-49.941020670509
6435.11058736067;-50.0777862551685
6484.65498223022;-50.2208985286039
6534.58082307955;-50.3563289958726
6584.89104668961;-50.5046535698783
6635.58861245187;-50.6432566185003
6686.67650254236;-50.7917591811527
6738.15772209709;-50.9487987933352
6790.03529938886;-51.0997656878884
6842.31228600535;-51.2514989274731
6894.99175702865;-51.4221176242018
6948.07681121614;-51.5690139311983
7001.57057118274;-51.7243984424682
7055.47618358465;-51.8877245942746
7109.79681930439;-52.0657634360854
7164.53567363732;-52.2273653551044
7219.69596647966;-52.386818761979
7275.28094251782;-52.5527122885558
7331.2938714193;-52.7217268324146
7387.73804802502;-52.9031808168716
7444.6167925431;-53.0783489029535
7501.93345074423;-53.2494548289264
7559.69139415841;-53.4209697999573
7617.8940202733;-53.6102979911989
7676.54475273407;-53.7872285258486
7735.64704154481;-53.9774124167017
7795.20436327141;-54.1616055717057
7855.22022124614;-54.3469531442336
7915.69814577368;-54.5413212734952
7976.64169433873;-54.7162625482391
8038.05445181542;-54.9018836785241
8099.94003067802;-55.1086828870302
8162.30207121355;-55.3133682206947
8225.14424173584;-55.4920198413154
8288.47023880136;-55.6904997524466
8352.28378742666;-55.8956299481773
8416.58864130743;-56.0748007078084
8481.38858303935;-56.289212971955
8546.68742434062;-56.4832270650219
8612.4890062761;-56.6869414132064
8678.79719948333;-56.8861330362584
8745.61590440015;-57.1116436842423
8812.94905149416;-57.3063047005367
8880.80060149394;-57.5476800636303
8949.17454562201;-57.7022555134449
9018.0749058296;-57.9613496778413
9087.50573503324;-58.1789869960952
9157.47111735318;-58.3815626335324
9227.9751683536;-58.6207452437514
9299.02203528472;-58.7820792477737
9370.61589732677;-59.02951539162
9442.76096583575;-59.2444145596478
9515.46148459125;-59.4638309381046
9588.721730046;-59.6758120698179
9662.5460115775;-59.9160690107062
9736.93867174142;-60.1346811889728
9811.90408652712;-60.3444925255556
9887.44666561501;-60.5587916361104
9963.57085263597;-60.8249555968317
10040.2811254327;-61.0403520388023
10117.5819963232;-61.2584904476906
10195.4780123661;-61.5120458363452
10273.9737556282;-61.7524099934083
10353.0738434539;-61.9466108031197
10432.7829287369;-62.2041269652694
10513.105700194;-62.470332008018
10594.0468826406;-62.663913325234
10675.611237269;-62.9285171938759
10757.803561928;-63.0722204386152
10840.6286914056;-63.3450155769327
10924.0914977133;-63.6103279983455
11008.1968903722;-63.8664680774228
11092.9498167026;-64.1082060840891
11178.3552621142;-64.3295736098085
11264.4182504001;-64.5564239849387
11351.1438440317;-64.8421255663607
11438.5371444567;-65.0860187266007
11526.6032923996;-65.3276988886653
11615.3474681632;-65.4348088456131
11704.7748919343;-65.8364533325834
11794.89082409;-66.0449148318319
11885.7005655076;-66.3007097148792
11977.2094578762;-66.5402819572959
12069.4228840109;-66.7785294909897
12162.3462681696;-67.0390651520037
12255.9850763719;-67.298130842648
12350.3448167207;-67.6155315425814
12445.4310397262;-67.8417641697706
12541.2493386323;-68.1194573097895
12637.805349746;-68.2131230648909
12735.1047527682;-68.6300196976498
12833.1532711286;-68.9649583416086
12931.9566723219;-69.1459460814706
13031.5207682471;-69.3464534773589
13131.8514155496;-69.7630885198772
13232.9545159653;-69.9133028110887
13334.8360166683;-70.0147538653628
13437.5019106201;-70.4097963459138
13540.9582369229;-70.6236546246366
13645.2110811739;-71.0520348253267
13750.2665758241;-71.1939428797384
13856.1309005386;-71.350047708266
13962.8102825602;-71.6446294722377
14070.3109970758;-72.0125053179021
14178.6393675851;-72.0327974670464
14287.8017662734;-72.5219362007533
14397.8046143855;-72.6153695087176
14508.6543826041;-72.8796360048475
14620.3575914299;-73.0861042950291
14732.9208115658;-73.1965363235834
14846.3506643027;-73.7065641064069
14960.6538219095;-73.6882034856272
15075.8370080252;-74.1818811266706
15191.9069980548;-74.580882206006
15308.8706195676;-74.6037798296514
15426.7347526988;-74.6489576744913
15545.5063305544;-74.9394345943114
15665.1923396186;-75.4722410317922
15785.7998201653;-75.2368061795308
15907.3358666721;-75.7082959831443
16029.8076282374;-76.2014994969651
16153.2223090008;-76.3164717939418
16277.5871685674;-76.5814438178007
16402.9095224344;-76.9689332874121
16529.1967424218;-77.4157769735893
16656.4562571054;-77.7145612788678
16784.6955522545;-78.2661093256553
16913.9221712716;-78.7370314058584
17044.1437156367;-78.8893094300204
17175.367845354;-79.4298978727904
17307.6022794026;-79.4398924299975
17440.8547961907;-79.8819366573137
17575.1332340131;-80.1433897127236
17710.445491512;-81.4373227371158
17846.799528142;-80.677364879957
17984.2033646381;-81.0437948410934
18122.6650834875;-82.3146889781103
18262.1928294051;-81.9812497193448
18402.7948098125;-82.2649776948746
18544.4792953211;-82.4507524749889
18687.2546202179;-82.9175401715116
18831.1291829566;-83.2303353196789
18976.1114466511;-83.8411165541001
19122.2099395734;-83.6011161472299
19269.4332556552;-84.3956385583641
19417.7900549938;-84.3980216469661
19567.2890643609;-84.9649361305516
19717.9390777166;-85.6486025878414
19869.7489567262;-87.1775959350499
20022.7276312814;-86.4853364767841
20176.8841000262;-87.6056345864071
20332.2274308855;-88.4635607684685
20488.7667615991;-86.7634384232068
20646.5113002587;-87.7639245414115
20805.4703258499;-89.0567065979026
20965.6531887979;-88.5355324919026
21127.0693115176;-86.9500097616877
21289.7281889675;-89.8633287218205
21453.6393892087;-88.7659893148326
21618.8125539676;-90.0936836523813
21785.2573992028;-89.3588617796558
21952.9837156768;-90.648376756056
22122.001369532;-89.7508846230053
22292.3203028708;-91.1341940248763
22463.9505343408;-91.3680355111065
22636.9021597238;-91.1305238397407
22811.1853525298;-91.4488943302557
22986.8103645953;-93.3244172177108
23163.7875266866;-91.4026192322012
23342.1272491074;-93.3517393668301
23521.8400223107;-94.943370087613
23702.9364175168;-95.2508816016174
23885.4270873343;-95.521490518971
24069.3227663872;-97.8917355290228
24254.6342719459;-92.614924363659
24441.372504564;-92.3389388414299
24629.5484487192;-97.1816557633279
24819.1731734595;-98.5521129965181
25010.2578330545;-97.3701891739719
25202.813667651;-97.7623306546049
25396.8520039348;-98.4131932006441
25592.3842557966;-95.8860923229186
25789.4219250035;-99.6009337533673
25987.9766018756;-100.679667948637
26188.0599659678;-98.9677262292078
26389.6837867564;-103.462234169335
26592.8599243323;-97.4427807017614
26797.6003300978;-99.358838439634
27003.9170474698;-99.1709897639548
27211.8222125889;-96.5669091531595
27421.3280550321;-104.150124612721
27632.4468985333;-100.888725764686
27845.1911617075;-110.174683527766
28059.5733587817;-108.639075493324
28275.6061003307;-98.3687716315914
28493.3020940192;-99.975565783335
28712.674145349;-109.937624885372
28933.7351584125;-103.963817578248
29156.4981366517;-114.265037742565
29380.9761836231;-102.934328119329
29607.1825037683;-107.663452443577
29835.130403191;-101.180241093674
30064.8332904395;-108.162674600571
30296.3046772956;-98.6770943963955
30529.5581795692;-99.9407964936372
30764.6075178995;-101.675545339493
31001.4665185618;-111.184169991878
31240.1491142809;-112.346480193871
31480.6693450507;-105.065635214226
31723.0413589602;-109.070740356261
31967.2794130254;-108.561110483235
32213.3978740282;-104.273020791104
32461.4112193615;-110.495493705891
32711.3340378805;-107.130576221947
32963.1810307613;-102.981159955097
33216.9670123655;-113.657837894489
33472.7069111112;-109.35503484522
33730.415770352;-98.7951902179374
33990.1087492609;-107.238047920142
34251.801123723;-98.7926216407803
34515.5082872331;-113.66562022195
34781.245751802;-97.1046072709122
35049.0291488686;-100.0169963175
35318.8742302191;-104.335490181738
35590.7968689141;-108.737960868087
35864.8130602223;-99.9838681425337
36140.9389225607;-93.5025367270644
36419.1906984436;-97.583822179885
36699.5847554373;-99.60712715956
36982.1375871233;-96.879847644944
37266.8658140687;-96.6772136541219
37553.7861848031;-96.2063933135143
37842.9155768047;-96.6182195640989
38134.2709974924;-97.2426568728458
38427.8695852265;-100.398290478472
38723.728610317;-101.891698786135
39021.8654760391;-96.5102813882737
39322.2977196572;-92.1552411920906
39625.0430134563;-95.4351029828721
39930.1191657819;-94.7784070567574
40237.544122087;-101.781670665801
40547.335965988;-107.786550988392
40859.5129203286;-86.2798121349424
41174.0933482513;-96.2806654639374
41491.0957542781;-102.073615196708
41810.5387853983;-87.5338371584836
42132.441232166;-90.2597652013414
42456.8220298052;-95.3985094261537
42783.7002593235;-90.0057081093962
43113.0951486345;-91.8943714340218
43445.0260736893;-88.30061498814
43779.5125596155;-91.3044404713491
44116.5742818663;-87.9652500848835
44456.2310673776;-89.6833563762879
44798.5028957343;-86.760702690201
45143.4099003459;-94.8563018466662
45490.9723696302;-84.849976544581
45841.2107482072;-83.6643853020323
46194.1456381014;-90.2821565264385
46549.797799954;-80.3039539512067
46908.1881542438;-91.2673597030202
47269.3377825181;-79.7313210639168
47633.2679286323;-81.2764544590909
48000;-82.302084670184
